sample_id,tissue,bacteria,type,treatment,time,dada2,classified,no_chloroplast,>1_frequency370(-)_SD_t2A,L_minor370_DWC112,none,treated_tissue,SD_treated,2,360585,359911,315133,315133370(-)_SD_t2B,L_minor370_DWC112,none,treated_tissue,SD_treated,2,240084,238997,163883,163883370(-)_SD_t7C,L_minor370_DWC112,none,treated_tissue,SD_treated,7,429682,429220,197989,197989370(-)_t2A,L_minor370_DWC112,none,ambient_water,none,2,449087,448970,448336,448336370(-)_W_t0A,L_minor370_DWC112,none,treated_tissue,water_treated,0,257512,256759,2689,2689370(-)_W_t0B,L_minor370_DWC112,none,treated_tissue,water_treated,0,327957,326530,2995,2995370(-)_W_t2A,L_minor370_DWC112,none,treated_tissue,water_treated,2,397169,396923,386007,386007370(-)_W_t2B,L_minor370_DWC112,none,treated_tissue,water_treated,2,479945,462989,335716,335716370(-)_W_t7C,L_minor370_DWC112,none,treated_tissue,water_treated,7,420493,420346,407149,407149370(1A)_SD_t2A,L_minor370_DWC112,MicrobacteriumRU1A,treated_tissue,SD_treated,2,344063,343626,281247,281247370(1A)_SD_t2B,L_minor370_DWC112,MicrobacteriumRU1A,treated_tissue,SD_treated,2,402918,402814,379662,379662370(1A)_SD_t2C,L_minor370_DWC112,MicrobacteriumRU1A,treated_tissue,SD_treated,2,306133,306020,286598,286598370(1A)_SD_t7A,L_minor370_DWC112,MicrobacteriumRU1A,treated_tissue,SD_treated,7,364925,364278,308060,308060370(1A)_SD_t7B,L_minor370_DWC112,MicrobacteriumRU1A,treated_tissue,SD_treated,7,437280,435942,396700,396700370(1A)_SD_t7C,L_minor370_DWC112,MicrobacteriumRU1A,treated_tissue,SD_treated,7,355886,355258,322846,322846370(1A)_t2A,L_minor370_DWC112,MicrobacteriumRU1A,ambient_water,none,2,505177,504933,504202,504202370(1A)_t2B,L_minor370_DWC112,MicrobacteriumRU1A,ambient_water,none,2,425976,425883,425684,425684370(1A)_t2C,L_minor370_DWC112,MicrobacteriumRU1A,ambient_water,none,2,462817,462492,461110,461110370(1A)_t7A,L_minor370_DWC112,MicrobacteriumRU1A,ambient_water,none,7,468934,465131,305600,305600370(1A)_W_t0A,L_minor370_DWC112,MicrobacteriumRU1A,treated_tissue,water_treated,0,354012,352372,5777,5777370(1A)_W_t0B,L_minor370_DWC112,MicrobacteriumRU1A,treated_tissue,water_treated,0,352972,351371,9028,9028370(1A)_W_t0C,L_minor370_DWC112,MicrobacteriumRU1A,treated_tissue,water_treated,0,333684,332522,14247,14247370(1A)_W_t2A,L_minor370_DWC112,MicrobacteriumRU1A,treated_tissue,water_treated,2,394927,394857,386482,386482370(1A)_W_t2B,L_minor370_DWC112,MicrobacteriumRU1A,treated_tissue,water_treated,2,374773,374735,370742,370742370(1A)_W_t2C,L_minor370_DWC112,MicrobacteriumRU1A,treated_tissue,water_treated,2,361594,361517,353850,353850370(1A)_W_t7A,L_minor370_DWC112,MicrobacteriumRU1A,treated_tissue,water_treated,7,511349,511002,495030,495030370(1A)_W_t7B,L_minor370_DWC112,MicrobacteriumRU1A,treated_tissue,water_treated,7,519088,519000,513480,513480370(1A)_W_t7C,L_minor370_DWC112,MicrobacteriumRU1A,treated_tissue,water_treated,7,309437,309203,306672,306672370(3D)_SD_t2A,L_minor370_DWC112,BacillusRU3D,treated_tissue,SD_treated,2,318892,318266,263009,263009370(3D)_SD_t2B,L_minor370_DWC112,BacillusRU3D,treated_tissue,SD_treated,2,338823,338391,215479,215479370(3D)_t2A,L_minor370_DWC112,BacillusRU3D,ambient_water,none,2,334047,333992,333956,333956370(3D)_t2B,L_minor370_DWC112,BacillusRU3D,ambient_water,none,2,232037,232005,231984,231984370(3D)_t2C,L_minor370_DWC112,BacillusRU3D,ambient_water,none,2,352460,352414,352279,352279370(3D)_W_t0A,L_minor370_DWC112,BacillusRU3D,treated_tissue,water_treated,0,339830,339290,174681,174681370(3D)_W_t0B,L_minor370_DWC112,BacillusRU3D,treated_tissue,water_treated,0,387736,387229,227844,227844370(3D)_W_t0C,L_minor370_DWC112,BacillusRU3D,treated_tissue,water_treated,0,406873,406351,233669,233669370(3D)_W_t2A,L_minor370_DWC112,BacillusRU3D,treated_tissue,water_treated,2,286952,286651,263141,263141370(3D)_W_t2C,L_minor370_DWC112,BacillusRU3D,treated_tissue,water_treated,2,341197,335618,266444,266444370(3D)_W_t7A_1,L_minor370_DWC112,BacillusRU3D,treated_tissue,water_treated,7,432495,431741,400997,400997370(3D)_W_t7A_2,L_minor370_DWC112,BacillusRU3D,treated_tissue,water_treated,7,371696,371124,327846,327846370(3D)_W_t7B_1,L_minor370_DWC112,BacillusRU3D,treated_tissue,water_treated,7,334736,334561,319350,319350370(3D)_W_t7B_2,L_minor370_DWC112,BacillusRU3D,treated_tissue,water_treated,7,391009,390544,352103,352103370(3D)_W_t7C_1,L_minor370_DWC112,BacillusRU3D,treated_tissue,water_treated,7,436737,435838,412822,412822370(3D)_W_t7C_2,L_minor370_DWC112,BacillusRU3D,treated_tissue,water_treated,7,385708,384396,331097,331097370(5A)_SD_t2A_1,L_minor370_DWC112,PaenibacillusRU5A,treated_tissue,SD_treated,2,330820,330472,252591,252591370(5A)_SD_t2A_2,L_minor370_DWC112,PaenibacillusRU5A,treated_tissue,SD_treated,2,412543,412050,381692,381692370(5A)_SD_t2B_1,L_minor370_DWC112,PaenibacillusRU5A,treated_tissue,SD_treated,2,375202,374907,332435,332435370(5A)_SD_t2B_2,L_minor370_DWC112,PaenibacillusRU5A,treated_tissue,SD_treated,2,250627,250324,236195,236195370(5A)_SD_t2C_1,L_minor370_DWC112,PaenibacillusRU5A,treated_tissue,SD_treated,2,303147,302818,282908,282908370(5A)_SD_t2C_2,L_minor370_DWC112,PaenibacillusRU5A,treated_tissue,SD_treated,2,345869,343013,308834,308834370(5A)_SD_t2D_1,L_minor370_DWC112,PaenibacillusRU5A,treated_tissue,SD_treated,2,335259,334172,291647,291647370(5A)_SD_t2D_2,L_minor370_DWC112,PaenibacillusRU5A,treated_tissue,SD_treated,2,338372,337779,296461,296461370(5A)_t2C,L_minor370_DWC112,PaenibacillusRU5A,ambient_water,none,2,429663,429500,429301,429301370(5A)_t2D,L_minor370_DWC112,PaenibacillusRU5A,ambient_water,none,2,411304,411043,410710,410710370(5A)_W_t0B,L_minor370_DWC112,PaenibacillusRU5A,treated_tissue,water_treated,0,383751,383356,304237,304237370(5A)_W_t2B,L_minor370_DWC112,PaenibacillusRU5A,treated_tissue,water_treated,2,401990,399992,378670,378670370(5A)_W_t7B,L_minor370_DWC112,PaenibacillusRU5A,treated_tissue,water_treated,7,392036,391741,387725,387725432(-)_SD_t2A,S_polyrhiza432_9509,none,treated_tissue,SD_treated,2,281118,279345,234671,234671432(-)_SD_t2B,S_polyrhiza432_9509,none,treated_tissue,SD_treated,2,296837,296334,180213,180213432(-)_SD_t2C,S_polyrhiza432_9509,none,treated_tissue,SD_treated,2,296802,287436,199326,199326432(-)_SD_t7C,S_polyrhiza432_9509,none,treated_tissue,SD_treated,7,343423,343067,249888,249888432(-)_SD_t7D,S_polyrhiza432_9509,none,treated_tissue,SD_treated,7,302432,301660,244098,244098432(-)_t2B,S_polyrhiza432_9509,none,ambient_water,none,2,369418,369402,369247,369247432(-)_t2C,S_polyrhiza432_9509,none,ambient_water,none,2,333684,333565,333444,333444432(-)_W_t0A,S_polyrhiza432_9509,none,treated_tissue,water_treated,0,313670,313498,5954,5954432(-)_W_t0B,S_polyrhiza432_9509,none,treated_tissue,water_treated,0,319517,319465,3316,3316432(-)_W_t2A,S_polyrhiza432_9509,none,treated_tissue,water_treated,2,367922,367752,343735,343735432(-)_W_t2B,S_polyrhiza432_9509,none,treated_tissue,water_treated,2,344467,341558,274704,274704432(-)_W_t7C,S_polyrhiza432_9509,none,treated_tissue,water_treated,7,369188,368243,319646,319646432(-)_W_t7D,S_polyrhiza432_9509,none,treated_tissue,water_treated,7,373067,372344,294852,294852432(1A)_SD_t7A,S_polyrhiza432_9509,MicrobacteriumRU1A,treated_tissue,SD_treated,7,370723,368287,161207,161207432(1A)_SD_t7B,S_polyrhiza432_9509,MicrobacteriumRU1A,treated_tissue,SD_treated,7,364317,363299,328415,328415432(1A)_SD_t7C,S_polyrhiza432_9509,MicrobacteriumRU1A,treated_tissue,SD_treated,7,332396,329348,266836,266836432(1A)_SD_t7D,S_polyrhiza432_9509,MicrobacteriumRU1A,treated_tissue,SD_treated,7,355389,355267,333376,333376432(1A)_t2A,S_polyrhiza432_9509,MicrobacteriumRU1A,ambient_water,none,2,347596,347463,346995,346995432(1A)_t2B,S_polyrhiza432_9509,MicrobacteriumRU1A,ambient_water,none,2,313461,313321,312932,312932432(1A)_t2D,S_polyrhiza432_9509,MicrobacteriumRU1A,ambient_water,none,2,371376,371121,370659,370659432(1A)_t7C,S_polyrhiza432_9509,MicrobacteriumRU1A,ambient_water,none,7,338340,336633,271000,271000432(1A)_t7D,S_polyrhiza432_9509,MicrobacteriumRU1A,ambient_water,none,7,360861,358536,268653,268653432(1A)_W_t0A,S_polyrhiza432_9509,MicrobacteriumRU1A,treated_tissue,water_treated,0,226932,226808,4540,4540432(1A)_W_t0B,S_polyrhiza432_9509,MicrobacteriumRU1A,treated_tissue,water_treated,0,295548,295322,4739,4739432(1A)_W_t0C,S_polyrhiza432_9509,MicrobacteriumRU1A,treated_tissue,water_treated,0,293060,292918,4193,4193432(1A)_W_t2A,S_polyrhiza432_9509,MicrobacteriumRU1A,treated_tissue,water_treated,2,266388,265978,251035,251035432(1A)_W_t2B,S_polyrhiza432_9509,MicrobacteriumRU1A,treated_tissue,water_treated,2,223800,223588,212146,212146432(1A)_W_t2C,S_polyrhiza432_9509,MicrobacteriumRU1A,treated_tissue,water_treated,2,330602,330387,319086,319086432(1A)_W_t2D,S_polyrhiza432_9509,MicrobacteriumRU1A,treated_tissue,water_treated,2,364800,364472,357038,357038432(1A)_W_t7A,S_polyrhiza432_9509,MicrobacteriumRU1A,treated_tissue,water_treated,7,323156,321768,298929,298929432(1A)_W_t7B,S_polyrhiza432_9509,MicrobacteriumRU1A,treated_tissue,water_treated,7,277793,276747,259663,259663432(1A)_W_t7C,S_polyrhiza432_9509,MicrobacteriumRU1A,treated_tissue,water_treated,7,339279,338950,333204,333204432(1A)_W_t7D,S_polyrhiza432_9509,MicrobacteriumRU1A,treated_tissue,water_treated,7,391539,389161,330121,330121432(3D)_SD_t2A,S_polyrhiza432_9509,BacillusRU3D,treated_tissue,SD_treated,2,279135,279108,213642,213642432(3D)_SD_t2B,S_polyrhiza432_9509,BacillusRU3D,treated_tissue,SD_treated,2,246459,246451,203728,203728432(3D)_SD_t2C,S_polyrhiza432_9509,BacillusRU3D,treated_tissue,SD_treated,2,323637,319030,219533,219533432(3D)_t0A,S_polyrhiza432_9509,BacillusRU3D,treated_tissue,water_treated,0,286731,286704,140659,140659432(3D)_t0B,S_polyrhiza432_9509,BacillusRU3D,treated_tissue,water_treated,0,308372,308259,108821,108821432(3D)_t2A,S_polyrhiza432_9509,BacillusRU3D,treated_tissue,water_treated,2,313178,313123,313100,313100432(3D)_t2B,S_polyrhiza432_9509,BacillusRU3D,treated_tissue,water_treated,2,313975,313865,313730,313730432(3D)_W_t2A,S_polyrhiza432_9509,BacillusRU3D,treated_tissue,water_treated,2,262727,262635,233779,233779432(3D)_W_t2B,S_polyrhiza432_9509,BacillusRU3D,treated_tissue,water_treated,2,341029,341010,300850,300850432(3D)_W_t2C,S_polyrhiza432_9509,BacillusRU3D,treated_tissue,water_treated,2,310714,307782,262335,262335432(5A)_SD_t2A,S_polyrhiza432_9509,PaenibacillusRU5A,treated_tissue,SD_treated,2,277411,277069,241562,241562432(5A)_SD_t2B,S_polyrhiza432_9509,PaenibacillusRU5A,treated_tissue,SD_treated,2,156208,156128,142526,142526432(5A)_SD_t2C,S_polyrhiza432_9509,PaenibacillusRU5A,treated_tissue,SD_treated,2,272953,272931,252984,252984432(5A)_SD_t7A,S_polyrhiza432_9509,PaenibacillusRU5A,treated_tissue,SD_treated,7,339612,339339,325898,325898432(5A)_SD_t7B,S_polyrhiza432_9509,PaenibacillusRU5A,treated_tissue,SD_treated,7,296166,296050,289414,289414432(5A)_SD_t7C,S_polyrhiza432_9509,PaenibacillusRU5A,treated_tissue,SD_treated,7,311662,310970,248373,248373432(5A)_W_t7A,S_polyrhiza432_9509,PaenibacillusRU5A,treated_tissue,water_treated,7,322916,322235,303803,303803432(5A)_W_t7B,S_polyrhiza432_9509,PaenibacillusRU5A,treated_tissue,water_treated,7,367157,366936,356698,356698432(5A)_W_t7C,S_polyrhiza432_9509,PaenibacillusRU5A,treated_tissue,water_treated,7,377537,377043,359423,359423