sample_id	tissue	bacteria	type	treatment	time	plate	library	notes370(-)_W_t0A	L_minor370_DWC112	none	treated_tissue	water_treated	0	ducitaplate4	12267.1.247043.CTTGCTGAAGA.fastq.gz	370(-)_W_t0B	L_minor370_DWC112	none	treated_tissue	water_treated	0	ducitaplate4	12267.1.247043.TCTAAGGCACG.fastq.gz	432(-)_W_t0A	S_polyrhiza432_9509	none	treated_tissue	water_treated	0	ducitaplate4	12267.1.247043.TTCATACGGAC.fastq.gz	432(-)_W_t0B	S_polyrhiza432_9509	none	treated_tissue	water_treated	0	ducitaplate4	12267.1.247043.CTTCGGCAGAA.fastq.gz	370(1A)_W_t0A	L_minor370_DWC112	MicrobacteriumRU1A	treated_tissue	water_treated	0	ducitaplate4	12267.1.247043.TTAGCGTCACG.fastq.gz	370(1A)_W_t0B	L_minor370_DWC112	MicrobacteriumRU1A	treated_tissue	water_treated	0	ducitaplate4	12267.1.247043.ACTGTCGAAGC.fastq.gz	370(1A)_W_t0C	L_minor370_DWC112	MicrobacteriumRU1A	treated_tissue	water_treated	0	ducitaplate4	12267.1.247043.CTAGTCAGCTG.fastq.gz	432(1A)_W_t0A	S_polyrhiza432_9509	MicrobacteriumRU1A	treated_tissue	water_treated	0	ducitaplate5	12495.1.260379.CTTGCTGAAGA.fastq.gz	432(1A)_W_t0B	S_polyrhiza432_9509	MicrobacteriumRU1A	treated_tissue	water_treated	0	ducitaplate5	12495.1.260379.TCTAAGGCACG.fastq.gz	432(1A)_W_t0C	S_polyrhiza432_9509	MicrobacteriumRU1A	treated_tissue	water_treated	0	ducitaplate5	12495.1.260379.AGGCGACCTTA.fastq.gz	370(3D)_W_t0A	L_minor370_DWC112	BacillusRU3D	treated_tissue	water_treated	0	ducitaplate4	12267.1.247043.GCCGCTTAATA.fastq.gz	370(3D)_W_t0B	L_minor370_DWC112	BacillusRU3D	treated_tissue	water_treated	0	ducitaplate4	12267.1.247043.TCAGAGGTTAC.fastq.gz	370(3D)_W_t0C	L_minor370_DWC112	BacillusRU3D	treated_tissue	water_treated	0	ducitaplate4	12267.1.247043.GTCCAGTAATG.fastq.gz	432(3D)_t0A	S_polyrhiza432_9509	BacillusRU3D	treated_tissue	water_treated	0	ducitaplate5	12495.1.260379.TTAACGGCTGA.fastq.gz	432(3D)_t0B	S_polyrhiza432_9509	BacillusRU3D	treated_tissue	water_treated	0	ducitaplate5	12495.1.260379.TAGGCCGACTT.fastq.gz	370(5A)_W_t0B	L_minor370_DWC112	PaenibacillusRU5A	treated_tissue	water_treated	0	ducitaplate4	12267.1.247043.ATCGGCGTTAC.fastq.gz	370(-)_t2A	L_minor370_DWC112	none	ambient_water	none	2	ducitaplate4	12267.1.247043.AGGCGACCTTA.fastq.gz	370(-)_W_t2A	L_minor370_DWC112	none	treated_tissue	water_treated	2	ducitaplate4	12267.1.247043.GGTCCAACTAG.fastq.gz	370(-)_W_t2B	L_minor370_DWC112	none	treated_tissue	water_treated	2	ducitaplate4	12267.1.247043.CTACAATGTCG.fastq.gz	370(-)_SD_t2A	L_minor370_DWC112	none	treated_tissue	SD_treated	2	ducitaplate4	12267.1.247043.AACAGGTTCGC.fastq.gz	370(-)_SD_t2B	L_minor370_DWC112	none	treated_tissue	SD_treated	2	ducitaplate4	12267.1.247043.ACACGGTGTCT.fastq.gz	432(-)_t2B	S_polyrhiza432_9509	none	ambient_water	none	2	ducitaplate4	12267.1.247043.AGGAGCCTTCT.fastq.gz	432(-)_t2C	S_polyrhiza432_9509	none	ambient_water	none	2	ducitaplate5	12495.1.260379.TAAGGCCTATC.fastq.gz	432(-)_W_t2A	S_polyrhiza432_9509	none	treated_tissue	water_treated	2	ducitaplate5	12495.1.260379.AACTGTGCGTA.fastq.gz	432(-)_W_t2B	S_polyrhiza432_9509	none	treated_tissue	water_treated	2	ducitaplate5	12495.1.260379.TGCGAACGTAT.fastq.gz	432(-)_SD_t2A	S_polyrhiza432_9509	none	treated_tissue	SD_treated	2	ducitaplate5	12495.1.260379.TTCAACAGGTG.fastq.gz	432(-)_SD_t2B	S_polyrhiza432_9509	none	treated_tissue	SD_treated	2	ducitaplate5	12495.1.260379.AGCGTGTCCAA.fastq.gz	432(-)_SD_t2C	S_polyrhiza432_9509	none	treated_tissue	SD_treated	2	ducitaplate5	12495.1.260379.CCTGGATATAG.fastq.gz	370(1A)_t2A	L_minor370_DWC112	MicrobacteriumRU1A	ambient_water	none	2	ducitaplate4	12267.1.247043.GTCCGCTGAAT.fastq.gz	370(1A)_t2B	L_minor370_DWC112	MicrobacteriumRU1A	ambient_water	none	2	ducitaplate4	12267.1.247043.GAACACTTCTG.fastq.gz	370(1A)_t2C	L_minor370_DWC112	MicrobacteriumRU1A	ambient_water	none	2	ducitaplate4	12267.1.247043.TGTCGGCTACA.fastq.gz	370(1A)_W_t2A	L_minor370_DWC112	MicrobacteriumRU1A	treated_tissue	water_treated	2	ducitaplate4	12267.1.247043.GTAGCAACGTC.fastq.gz	370(1A)_W_t2B	L_minor370_DWC112	MicrobacteriumRU1A	treated_tissue	water_treated	2	ducitaplate4	12267.1.247043.GCCTTAAGCGA.fastq.gz	370(1A)_W_t2C	L_minor370_DWC112	MicrobacteriumRU1A	treated_tissue	water_treated	2	ducitaplate4	12267.1.247043.GACTTATAGGC.fastq.gz	370(1A)_SD_t2A	L_minor370_DWC112	MicrobacteriumRU1A	treated_tissue	SD_treated	2	ducitaplate4	12267.1.247043.TTAACGGCTGA.fastq.gz	370(1A)_SD_t2B	L_minor370_DWC112	MicrobacteriumRU1A	treated_tissue	SD_treated	2	ducitaplate4	12267.1.247043.TAGGCCGACTT.fastq.gz	370(1A)_SD_t2C	L_minor370_DWC112	MicrobacteriumRU1A	treated_tissue	SD_treated	2	ducitaplate4	12267.1.247043.TGGCACCGATT.fastq.gz	432(1A)_t2A	S_polyrhiza432_9509	MicrobacteriumRU1A	ambient_water	none	2	ducitaplate5	12495.1.260379.TCAGGCGCTTA.fastq.gz	432(1A)_t2B	S_polyrhiza432_9509	MicrobacteriumRU1A	ambient_water	none	2	ducitaplate5	12495.1.260379.CAGACATTGCG.fastq.gz	432(1A)_t2D	S_polyrhiza432_9509	MicrobacteriumRU1A	ambient_water	none	2	ducitaplate5	12495.1.260379.CTACAATGTCG.fastq.gz	432(1A)_W_t2A	S_polyrhiza432_9509	MicrobacteriumRU1A	treated_tissue	water_treated	2	ducitaplate5	12495.1.260379.AACAGGTTCGC.fastq.gz	432(1A)_W_t2B	S_polyrhiza432_9509	MicrobacteriumRU1A	treated_tissue	water_treated	2	ducitaplate5	12495.1.260379.ACACGGTGTCT.fastq.gz	432(1A)_W_t2C	S_polyrhiza432_9509	MicrobacteriumRU1A	treated_tissue	water_treated	2	ducitaplate5	12495.1.260379.GACGCTAGTTC.fastq.gz	432(1A)_W_t2D	S_polyrhiza432_9509	MicrobacteriumRU1A	treated_tissue	water_treated	2	ducitaplate5	12495.1.260379.GATAGTGCCAC.fastq.gz	370(3D)_t2A	L_minor370_DWC112	BacillusRU3D	ambient_water	none	2	ducitaplate4	12267.1.247043.ACGACGTCTTA.fastq.gz	370(3D)_t2B	L_minor370_DWC112	BacillusRU3D	ambient_water	none	2	ducitaplate4	12267.1.247043.AAGTGGACTCT.fastq.gz	370(3D)_t2C	L_minor370_DWC112	BacillusRU3D	ambient_water	none	2	ducitaplate4	12267.1.247043.TAGTCAGGCCA.fastq.gz	370(3D)_W_t2A	L_minor370_DWC112	BacillusRU3D	treated_tissue	water_treated	2	ducitaplate4	12267.1.247043.AGGCATCTTAC.fastq.gz	370(3D)_W_t2C	L_minor370_DWC112	BacillusRU3D	treated_tissue	water_treated	2	ducitaplate4	12267.1.247043.GGTATGACTCA.fastq.gz	370(3D)_SD_t2A	L_minor370_DWC112	BacillusRU3D	treated_tissue	SD_treated	2	ducitaplate4	12267.1.247043.GTTACCTCAGA.fastq.gz	370(3D)_SD_t2B	L_minor370_DWC112	BacillusRU3D	treated_tissue	SD_treated	2	ducitaplate4	12267.1.247043.TCGCATGAAGT.fastq.gz	432(3D)_t2A	S_polyrhiza432_9509	BacillusRU3D	ambient_water	water_treated	2	ducitaplate5	12495.1.260379.TGGCACCGATT.fastq.gz	432(3D)_t2B	S_polyrhiza432_9509	BacillusRU3D	ambient_water	water_treated	2	ducitaplate5	12495.1.260379.TACCGCTAGTA.fastq.gz	432(3D)_W_t2A	S_polyrhiza432_9509	BacillusRU3D	treated_tissue	water_treated	2	ducitaplate5	12495.1.260379.ATGGCAGCTCT.fastq.gz	432(3D)_W_t2B	S_polyrhiza432_9509	BacillusRU3D	treated_tissue	water_treated	2	ducitaplate5	12495.1.260379.GATACGTCCTG.fastq.gz	432(3D)_W_t2C	S_polyrhiza432_9509	BacillusRU3D	treated_tissue	water_treated	2	ducitaplate5	12495.1.260379.CATGAGTGCTA.fastq.gz	432(3D)_SD_t2A	S_polyrhiza432_9509	BacillusRU3D	treated_tissue	SD_treated	2	ducitaplate5	12495.1.260379.ACGCTATCTGG.fastq.gz	432(3D)_SD_t2B	S_polyrhiza432_9509	BacillusRU3D	treated_tissue	SD_treated	2	ducitaplate5	12495.1.260379.CTTCTAAGGAG.fastq.gz	432(3D)_SD_t2C	S_polyrhiza432_9509	BacillusRU3D	treated_tissue	SD_treated	2	ducitaplate5	12495.1.260379.ATTCATGGACG.fastq.gz	370(5A)_t2C	L_minor370_DWC112	PaenibacillusRU5A	ambient_water	none	2	ducitaplate4	12267.1.247043.CCAGATGATCG.fastq.gz	370(5A)_t2D	L_minor370_DWC112	PaenibacillusRU5A	ambient_water	none	2	ducitaplate4	12267.1.247043.ACTGTACGCGT.fastq.gz	370(5A)_W_t2B	L_minor370_DWC112	PaenibacillusRU5A	treated_tissue	water_treated	2	ducitaplate4	12267.1.247043.TCCTAGCAGTG.fastq.gz	370(5A)_SD_t2A_1	L_minor370_DWC112	PaenibacillusRU5A	treated_tissue	SD_treated	2	ducitaplate4	12267.1.247043.AGCGATGCCTT.fastq.gz	370(5A)_SD_t2B_1	L_minor370_DWC112	PaenibacillusRU5A	treated_tissue	SD_treated	2	ducitaplate4	12267.1.247043.CATCATGAGGC.fastq.gz	370(5A)_SD_t2C_1	L_minor370_DWC112	PaenibacillusRU5A	treated_tissue	SD_treated	2	ducitaplate4	12267.1.247043.GAAGTCTCGCA.fastq.gz	370(5A)_SD_t2D_1	L_minor370_DWC112	PaenibacillusRU5A	treated_tissue	SD_treated	2	ducitaplate4	12267.1.247043.GCACGTTCTAA.fastq.gz	370(5A)_SD_t2A_2	L_minor370_DWC112	PaenibacillusRU5A	treated_tissue	SD_treated	2	ducitaplate4	12267.1.247043.TCCACAGGAGT.fastq.gz	370(5A)_SD_t2B_2	L_minor370_DWC112	PaenibacillusRU5A	treated_tissue	SD_treated	2	ducitaplate4	12267.1.247043.ACATCTTGACG.fastq.gz	370(5A)_SD_t2C_2	L_minor370_DWC112	PaenibacillusRU5A	treated_tissue	SD_treated	2	ducitaplate4	12267.1.247043.CGGACGTTCAT.fastq.gz	370(5A)_SD_t2D_2	L_minor370_DWC112	PaenibacillusRU5A	treated_tissue	SD_treated	2	ducitaplate4	12267.1.247043.CTCTAAGCATG.fastq.gz	432(5A)_SD_t2A	S_polyrhiza432_9509	PaenibacillusRU5A	treated_tissue	SD_treated	2	ducitaplate5	12495.1.260379.TAGTCAGGCCA.fastq.gz	432(5A)_SD_t2B	S_polyrhiza432_9509	PaenibacillusRU5A	treated_tissue	SD_treated	2	ducitaplate5	12495.1.260379.AGGCATCTTAC.fastq.gz	432(5A)_SD_t2C	S_polyrhiza432_9509	PaenibacillusRU5A	treated_tissue	SD_treated	2	ducitaplate5	12495.1.260379.GGTATGACTCA.fastq.gz	370(-)_W_t7C	L_minor370_DWC112	none	treated_tissue	water_treated	7	ducitaplate4	12267.1.247043.GAATCTTCGAG.fastq.gz	370(-)_SD_t7C	L_minor370_DWC112	none	treated_tissue	SD_treated	7	ducitaplate4	12267.1.247043.TGAATAGTCCG.fastq.gz	432(-)_W_t7C	S_polyrhiza432_9509	none	treated_tissue	water_treated	7	ducitaplate5	12495.1.260379.CCAGTGTATGC.fastq.gz	432(-)_W_t7D	S_polyrhiza432_9509	none	treated_tissue	water_treated	7	ducitaplate5	12495.1.260379.TGCTACCATGA.fastq.gz	432(-)_SD_t7C	S_polyrhiza432_9509	none	treated_tissue	SD_treated	7	ducitaplate5	12495.1.260379.ATGCGAGTATC.fastq.gz	432(-)_SD_t7D	S_polyrhiza432_9509	none	treated_tissue	SD_treated	7	ducitaplate5	12495.1.260379.GTATCCATGCG.fastq.gz	370(1A)_t7A	L_minor370_DWC112	MicrobacteriumRU1A	ambient_water	none	7	ducitaplate4	12267.1.247043.TACCGCTAGTA.fastq.gz	370(1A)_W_t7A	L_minor370_DWC112	MicrobacteriumRU1A	treated_tissue	water_treated	7	ducitaplate4	12267.1.247043.GATACGTCCTG.fastq.gz	370(1A)_W_t7B	L_minor370_DWC112	MicrobacteriumRU1A	treated_tissue	water_treated	7	ducitaplate4	12267.1.247043.CATGAGTGCTA.fastq.gz	370(1A)_W_t7C	L_minor370_DWC112	MicrobacteriumRU1A	treated_tissue	water_treated	7	ducitaplate4	12267.1.247043.ACGCTATCTGG.fastq.gz	370(1A)_SD_t7A	L_minor370_DWC112	MicrobacteriumRU1A	treated_tissue	SD_treated	7	ducitaplate4	12267.1.247043.CTTCTAAGGAG.fastq.gz	370(1A)_SD_t7B	L_minor370_DWC112	MicrobacteriumRU1A	treated_tissue	SD_treated	7	ducitaplate4	12267.1.247043.ATTCATGGACG.fastq.gz	370(1A)_SD_t7C	L_minor370_DWC112	MicrobacteriumRU1A	treated_tissue	SD_treated	7	ducitaplate4	12267.1.247043.TCTGGAACGCT.fastq.gz	432(1A)_t7C	S_polyrhiza432_9509	MicrobacteriumRU1A	ambient_water	none	7	ducitaplate5	12495.1.260379.TGAATAGTCCG.fastq.gz	432(1A)_t7D	S_polyrhiza432_9509	MicrobacteriumRU1A	ambient_water	none	7	ducitaplate5	12495.1.260379.TTAGCGTCACG.fastq.gz	432(1A)_W_t7A	S_polyrhiza432_9509	MicrobacteriumRU1A	treated_tissue	water_treated	7	ducitaplate5	12495.1.260379.ACTGTCGAAGC.fastq.gz	432(1A)_W_t7B	S_polyrhiza432_9509	MicrobacteriumRU1A	treated_tissue	water_treated	7	ducitaplate5	12495.1.260379.CTAGTCAGCTG.fastq.gz	432(1A)_W_t7C	S_polyrhiza432_9509	MicrobacteriumRU1A	treated_tissue	water_treated	7	ducitaplate5	12495.1.260379.GTCCGCTGAAT.fastq.gz	432(1A)_W_t7D	S_polyrhiza432_9509	MicrobacteriumRU1A	treated_tissue	water_treated	7	ducitaplate5	12495.1.260379.GAACACTTCTG.fastq.gz	432(1A)_SD_t7A	S_polyrhiza432_9509	MicrobacteriumRU1A	treated_tissue	SD_treated	7	ducitaplate5	12495.1.260379.TGTCGGCTACA.fastq.gz	432(1A)_SD_t7B	S_polyrhiza432_9509	MicrobacteriumRU1A	treated_tissue	SD_treated	7	ducitaplate5	12495.1.260379.GTAGCAACGTC.fastq.gz	432(1A)_SD_t7C	S_polyrhiza432_9509	MicrobacteriumRU1A	treated_tissue	SD_treated	7	ducitaplate5	12495.1.260379.GCCTTAAGCGA.fastq.gz	432(1A)_SD_t7D	S_polyrhiza432_9509	MicrobacteriumRU1A	treated_tissue	SD_treated	7	ducitaplate5	12495.1.260379.GACTTATAGGC.fastq.gz	370(3D)_W_t7A_1	L_minor370_DWC112	BacillusRU3D	treated_tissue	water_treated	7	ducitaplate4	12267.1.247043.CGGTACTTGCA.fastq.gz	370(3D)_W_t7B_1	L_minor370_DWC112	BacillusRU3D	treated_tissue	water_treated	7	ducitaplate4	12267.1.247043.TCGCTGTAACA.fastq.gz	370(3D)_W_t7C_1	L_minor370_DWC112	BacillusRU3D	treated_tissue	water_treated	7	ducitaplate4	12267.1.247043.CTTGTAGGACC.fastq.gz	370(3D)_W_t7A_2	L_minor370_DWC112	BacillusRU3D	treated_tissue	water_treated	7	ducitaplate4	12267.1.247043.GTACGAATCCT.fastq.gz	370(3D)_W_t7B_2	L_minor370_DWC112	BacillusRU3D	treated_tissue	water_treated	7	ducitaplate4	12267.1.247043.CTCAGTATGCA.fastq.gz	370(3D)_W_t7C_2	L_minor370_DWC112	BacillusRU3D	treated_tissue	water_treated	7	ducitaplate4	12267.1.247043.GGTTGCACAAT.fastq.gz	370(5A)_W_t7B	L_minor370_DWC112	PaenibacillusRU5A	treated_tissue	water_treated	7	ducitaplate4	12267.1.247043.TGCGCGAATAC.fastq.gz	432(5A)_W_t7A	S_polyrhiza432_9509	PaenibacillusRU5A	treated_tissue	water_treated	7	ducitaplate5	12495.1.260379.CAATTGTGCAC.fastq.gz	432(5A)_W_t7B	S_polyrhiza432_9509	PaenibacillusRU5A	treated_tissue	water_treated	7	ducitaplate5	12495.1.260379.CACATTGTGAG.fastq.gz	432(5A)_W_t7C	S_polyrhiza432_9509	PaenibacillusRU5A	treated_tissue	water_treated	7	ducitaplate5	12495.1.260379.CGGTACTTGCA.fastq.gz	432(5A)_SD_t7A	S_polyrhiza432_9509	PaenibacillusRU5A	treated_tissue	SD_treated	7	ducitaplate5	12495.1.260379.TCGCTGTAACA.fastq.gz	432(5A)_SD_t7B	S_polyrhiza432_9509	PaenibacillusRU5A	treated_tissue	SD_treated	7	ducitaplate5	12495.1.260379.CTTGTAGGACC.fastq.gz	432(5A)_SD_t7C	S_polyrhiza432_9509	PaenibacillusRU5A	treated_tissue	SD_treated	7	ducitaplate5	12495.1.260379.GTACGAATCCT.fastq.gz	